<?xml version="1.0" encoding="UTF-8"?>
<java version="21.0.1" class="java.beans.XMLDecoder">
 <object class="org.eclipse.epp.internal.mpc.ui.catalog.MarketplaceInfo" id="MarketplaceInfo0">
  <void property="iuToNodeKey">
   <void method="put">
    <string>org.faktorips.feature</string>
    <object class="java.util.ArrayList">
     <void method="add">
      <string>https://marketplace.eclipse.org#391</string>
     </void>
    </object>
   </void>
   <void method="put">
    <string>de.jepfa.easyconsolegrepper.feature</string>
    <object class="java.util.ArrayList">
     <void method="add">
      <string>https://marketplace.eclipse.org#1611949</string>
     </void>
    </object>
   </void>
   <void method="put">
    <string>org.jetbrains.kotlin.gradle.feature</string>
    <object class="java.util.ArrayList">
     <void method="add">
      <string>https://marketplace.eclipse.org#5560910</string>
     </void>
    </object>
   </void>
   <void method="put">
    <string>org.junit.tools.feature</string>
    <object class="java.util.ArrayList">
     <void method="add">
      <string>https://marketplace.eclipse.org#2670402</string>
     </void>
    </object>
   </void>
   <void method="put">
    <string>org.faktorips.feature.source</string>
    <object class="java.util.ArrayList">
     <void method="add">
      <string>https://marketplace.eclipse.org#391</string>
     </void>
    </object>
   </void>
   <void method="put">
    <string>MCUchain</string>
    <object class="java.util.ArrayList">
     <void method="add">
      <string>https://marketplace.eclipse.org#258988</string>
     </void>
    </object>
   </void>
   <void method="put">
    <string>org.eclipse.net4j.sdk</string>
    <object class="java.util.ArrayList">
     <void method="add">
      <string>https://marketplace.eclipse.org#4002</string>
     </void>
    </object>
   </void>
   <void method="put">
    <string>MCUbench</string>
    <object class="java.util.ArrayList">
     <void method="add">
      <string>https://marketplace.eclipse.org#258988</string>
     </void>
    </object>
   </void>
   <void method="put">
    <string>org.contextmapper.contextmap.generator.feature</string>
    <object class="java.util.ArrayList">
     <void method="add">
      <string>https://marketplace.eclipse.org#5009351</string>
     </void>
    </object>
   </void>
   <void method="put">
    <string>org.jetbrains.kotlin.feature</string>
    <object class="java.util.ArrayList">
     <void method="add">
      <string>https://marketplace.eclipse.org#5560910</string>
     </void>
    </object>
   </void>
   <void method="put">
    <string>com.premiumminds.dbeaver.vault.feature</string>
    <object class="java.util.ArrayList">
     <void method="add">
      <string>https://marketplace.eclipse.org#5497069</string>
     </void>
    </object>
   </void>
   <void method="put">
    <string>org.eclipse.wb.core.feature.feature.group</string>
    <object class="java.util.ArrayList">
     <void method="add">
      <string>https://marketplace.eclipse.org#4961416</string>
     </void>
    </object>
   </void>
   <void method="put">
    <string>org.eclipse.wb.core.xml.feature.feature.group</string>
    <object class="java.util.ArrayList">
     <void method="add">
      <string>https://marketplace.eclipse.org#4961416</string>
     </void>
    </object>
   </void>
   <void method="put">
    <string>org.contextmapper.dsl.feature</string>
    <object class="java.util.ArrayList">
     <void method="add">
      <string>https://marketplace.eclipse.org#5009351</string>
     </void>
    </object>
   </void>
   <void method="put">
    <string>org.eclipse.statet.r</string>
    <object class="java.util.ArrayList">
     <void method="add">
      <string>https://marketplace.eclipse.org#9295</string>
     </void>
    </object>
   </void>
   <void method="put">
    <string>org.eclipse.wb.layout.group.feature.feature.group</string>
    <object class="java.util.ArrayList">
     <void method="add">
      <string>https://marketplace.eclipse.org#4961416</string>
     </void>
    </object>
   </void>
   <void method="put">
    <string>org.eclipse.wb.swing.feature.feature.group</string>
    <object class="java.util.ArrayList">
     <void method="add">
      <string>https://marketplace.eclipse.org#4961416</string>
     </void>
    </object>
   </void>
   <void method="put">
    <string>org.eclipse.statet.rtm.ftable</string>
    <object class="java.util.ArrayList">
     <void method="add">
      <string>https://marketplace.eclipse.org#9295</string>
     </void>
    </object>
   </void>
   <void method="put">
    <string>com.yattasolutions.architecturereview_feature</string>
    <object class="java.util.ArrayList">
     <void method="add">
      <string>https://marketplace.eclipse.org#19495</string>
     </void>
    </object>
   </void>
   <void method="put">
    <string>org.eclipse.wb.rcp.SWT_AWT_support.feature.group</string>
    <object class="java.util.ArrayList">
     <void method="add">
      <string>https://marketplace.eclipse.org#4961416</string>
     </void>
    </object>
   </void>
   <void method="put">
    <string>org.eclipse.wb.swing.doc.user.feature.feature.group</string>
    <object class="java.util.ArrayList">
     <void method="add">
      <string>https://marketplace.eclipse.org#4961416</string>
     </void>
    </object>
   </void>
   <void method="put">
    <string>org.eclipse.wb.core.ui.feature.feature.group</string>
    <object class="java.util.ArrayList">
     <void method="add">
      <string>https://marketplace.eclipse.org#4961416</string>
     </void>
    </object>
   </void>
   <void method="put">
    <string>MCUprog</string>
    <object class="java.util.ArrayList">
     <void method="add">
      <string>https://marketplace.eclipse.org#258988</string>
     </void>
    </object>
   </void>
   <void method="put">
    <string>org.eclipse.wildwebdeveloper.feature</string>
    <object class="java.util.ArrayList">
     <void method="add">
      <string>https://marketplace.eclipse.org#5578890</string>
     </void>
    </object>
   </void>
   <void method="put">
    <string>org.eclipse.epp.mpc</string>
    <object class="java.util.ArrayList">
     <void method="add">
      <string>https://marketplace.eclipse.org#4123770</string>
     </void>
    </object>
   </void>
   <void method="put">
    <string>org.eclipse.statet.rtm.ggplot</string>
    <object class="java.util.ArrayList">
     <void method="add">
      <string>https://marketplace.eclipse.org#9295</string>
     </void>
    </object>
   </void>
   <void method="put">
    <string>org.eclipse.wb.rcp.doc.user.feature.feature.group</string>
    <object class="java.util.ArrayList">
     <void method="add">
      <string>https://marketplace.eclipse.org#4961416</string>
     </void>
    </object>
   </void>
   <void method="put">
    <string>org.eclipse.statet.eutils.autorun</string>
    <object class="java.util.ArrayList">
     <void method="add">
      <string>https://marketplace.eclipse.org#9295</string>
     </void>
    </object>
   </void>
   <void method="put">
    <string>org.zkoss.eclipse</string>
    <object class="java.util.ArrayList">
     <void method="add">
      <string>https://marketplace.eclipse.org#57140</string>
     </void>
    </object>
   </void>
   <void method="put">
    <string>org.testng.eclipse.maven.feature</string>
    <object class="java.util.ArrayList">
     <void method="add">
      <string>https://marketplace.eclipse.org#1549</string>
     </void>
    </object>
   </void>
   <void method="put">
    <string>org.adichatz.feature</string>
    <object class="java.util.ArrayList">
     <void method="add">
      <string>https://marketplace.eclipse.org#941</string>
     </void>
    </object>
   </void>
   <void method="put">
    <string>org.jboss.ide.eclipse.freemarker.feature</string>
    <object class="java.util.ArrayList">
     <void method="add">
      <string>https://marketplace.eclipse.org#4770582</string>
     </void>
    </object>
   </void>
   <void method="put">
    <string>org.jkiss.dbeaver.ext.ui.svg.feature</string>
    <object class="java.util.ArrayList">
     <void method="add">
      <string>https://marketplace.eclipse.org#5581434</string>
     </void>
    </object>
   </void>
   <void method="put">
    <string>org.eclipse.wildwebdeveloper.embedder.node.feature</string>
    <object class="java.util.ArrayList">
     <void method="add">
      <string>https://marketplace.eclipse.org#5578890</string>
     </void>
    </object>
   </void>
   <void method="put">
    <string>org.faktorips.groovy.feature</string>
    <object class="java.util.ArrayList">
     <void method="add">
      <string>https://marketplace.eclipse.org#391</string>
     </void>
    </object>
   </void>
   <void method="put">
    <string>org.eclipse.wb.rcp.feature.feature.group</string>
    <object class="java.util.ArrayList">
     <void method="add">
      <string>https://marketplace.eclipse.org#4961416</string>
     </void>
    </object>
   </void>
   <void method="put">
    <string>org.eclipse.wb.xwt.feature.feature.group</string>
    <object class="java.util.ArrayList">
     <void method="add">
      <string>https://marketplace.eclipse.org#4961416</string>
     </void>
    </object>
   </void>
   <void method="put">
    <string>org.eclipse.equinox.weaving.sdk</string>
    <object class="java.util.ArrayList">
     <void method="add">
      <string>https://marketplace.eclipse.org#5560910</string>
     </void>
    </object>
   </void>
   <void method="put">
    <string>org.eclipse.wb.core.java.feature.feature.group</string>
    <object class="java.util.ArrayList">
     <void method="add">
      <string>https://marketplace.eclipse.org#4961416</string>
     </void>
    </object>
   </void>
   <void method="put">
    <string>MCUhelp.gcc</string>
    <object class="java.util.ArrayList">
     <void method="add">
      <string>https://marketplace.eclipse.org#258988</string>
     </void>
    </object>
   </void>
   <void method="put">
    <string>org.eclipse.xtend.sdk</string>
    <object class="java.util.ArrayList">
     <void method="add">
      <string>https://marketplace.eclipse.org#148396</string>
     </void>
    </object>
   </void>
   <void method="put">
    <string>org.eclipse.wb.doc.user.feature.feature.group</string>
    <object class="java.util.ArrayList">
     <void method="add">
      <string>https://marketplace.eclipse.org#4961416</string>
     </void>
    </object>
   </void>
   <void method="put">
    <string>org.jetbrains.kotlin.weaving.feature</string>
    <object class="java.util.ArrayList">
     <void method="add">
      <string>https://marketplace.eclipse.org#5560910</string>
     </void>
    </object>
   </void>
   <void method="put">
    <string>org.contextmapper.servicecutter.feature</string>
    <object class="java.util.ArrayList">
     <void method="add">
      <string>https://marketplace.eclipse.org#5009351</string>
     </void>
    </object>
   </void>
   <void method="put">
    <string>org.faktorips.feature.nl1</string>
    <object class="java.util.ArrayList">
     <void method="add">
      <string>https://marketplace.eclipse.org#391</string>
     </void>
    </object>
   </void>
   <void method="put">
    <string>MCUhelp.binutils</string>
    <object class="java.util.ArrayList">
     <void method="add">
      <string>https://marketplace.eclipse.org#258988</string>
     </void>
    </object>
   </void>
   <void method="put">
    <string>com.browserstack.eclipse.feature</string>
    <object class="java.util.ArrayList">
     <void method="add">
      <string>https://marketplace.eclipse.org#5599969</string>
     </void>
    </object>
   </void>
   <void method="put">
    <string>org.eclipse.wb.swt.feature.feature.group</string>
    <object class="java.util.ArrayList">
     <void method="add">
      <string>https://marketplace.eclipse.org#4961416</string>
     </void>
    </object>
   </void>
   <void method="put">
    <string>com.adocus.mma.papyrus.feature</string>
    <object class="java.util.ArrayList">
     <void method="add">
      <string>https://marketplace.eclipse.org#53864</string>
     </void>
    </object>
   </void>
   <void method="put">
    <string>com.yattasolutions.umllab</string>
    <object class="java.util.ArrayList">
     <void method="add">
      <string>https://marketplace.eclipse.org#19495</string>
     </void>
    </object>
   </void>
   <void method="put">
    <string>org.eclipse.statet.eutils.autonature</string>
    <object class="java.util.ArrayList">
     <void method="add">
      <string>https://marketplace.eclipse.org#9295</string>
     </void>
    </object>
   </void>
   <void method="put">
    <string>com.netcetera.eclipse.quickrex.feature</string>
    <object class="java.util.ArrayList">
     <void method="add">
      <string>https://marketplace.eclipse.org#5581978</string>
     </void>
    </object>
   </void>
   <void method="put">
    <string>org.testng.eclipse</string>
    <object class="java.util.ArrayList">
     <void method="add">
      <string>https://marketplace.eclipse.org#1549</string>
     </void>
    </object>
   </void>
   <void method="put">
    <string>org.jetbrains.kotlin.policy</string>
    <object class="java.util.ArrayList">
     <void method="add">
      <string>https://marketplace.eclipse.org#5560910</string>
     </void>
    </object>
   </void>
   <void method="put">
    <string>de.gebit.eclipse.protobuf.feature</string>
    <object class="java.util.ArrayList">
     <void method="add">
      <string>https://marketplace.eclipse.org#5668131</string>
     </void>
    </object>
   </void>
   <void method="put">
    <string>org.eclipse.statet.redocs.tex.r</string>
    <object class="java.util.ArrayList">
     <void method="add">
      <string>https://marketplace.eclipse.org#9295</string>
     </void>
    </object>
   </void>
   <void method="put">
    <string>org.eclipse.statet.redocs.wikitext.r</string>
    <object class="java.util.ArrayList">
     <void method="add">
      <string>https://marketplace.eclipse.org#9295</string>
     </void>
    </object>
   </void>
  </void>
  <void property="nodeKeyToIU">
   <void method="put">
    <string>https://marketplace.eclipse.org#4961416</string>
    <object class="java.util.ArrayList">
     <void method="add">
      <string>org.eclipse.wb.swing.feature.feature.group</string>
     </void>
     <void method="add">
      <string>org.eclipse.wb.swing.doc.user.feature.feature.group</string>
     </void>
     <void method="add">
      <string>org.eclipse.wb.rcp.feature.feature.group</string>
     </void>
     <void method="add">
      <string>org.eclipse.wb.swt.feature.feature.group</string>
     </void>
     <void method="add">
      <string>org.eclipse.wb.rcp.doc.user.feature.feature.group</string>
     </void>
     <void method="add">
      <string>org.eclipse.wb.rcp.SWT_AWT_support.feature.group</string>
     </void>
     <void method="add">
      <string>org.eclipse.wb.xwt.feature.feature.group</string>
     </void>
     <void method="add">
      <string>org.eclipse.wb.core.feature.feature.group</string>
     </void>
     <void method="add">
      <string>org.eclipse.wb.doc.user.feature.feature.group</string>
     </void>
     <void method="add">
      <string>org.eclipse.wb.core.ui.feature.feature.group</string>
     </void>
     <void method="add">
      <string>org.eclipse.wb.layout.group.feature.feature.group</string>
     </void>
     <void method="add">
      <string>org.eclipse.wb.core.java.feature.feature.group</string>
     </void>
     <void method="add">
      <string>org.eclipse.wb.core.xml.feature.feature.group</string>
     </void>
    </object>
   </void>
   <void method="put">
    <string>https://marketplace.eclipse.org#2670402</string>
    <object class="java.util.ArrayList">
     <void method="add">
      <string>org.junit.tools.feature</string>
     </void>
    </object>
   </void>
   <void method="put">
    <string>https://marketplace.eclipse.org#5599969</string>
    <object class="java.util.ArrayList">
     <void method="add">
      <string>com.browserstack.eclipse.feature</string>
     </void>
    </object>
   </void>
   <void method="put">
    <string>https://marketplace.eclipse.org#5581978</string>
    <object class="java.util.ArrayList">
     <void method="add">
      <string>com.netcetera.eclipse.quickrex.feature</string>
     </void>
    </object>
   </void>
   <void method="put">
    <string>https://marketplace.eclipse.org#391</string>
    <object class="java.util.ArrayList">
     <void method="add">
      <string>org.faktorips.feature</string>
     </void>
     <void method="add">
      <string>org.faktorips.feature.nl1</string>
     </void>
     <void method="add">
      <string>org.faktorips.feature.source</string>
     </void>
     <void method="add">
      <string>org.faktorips.groovy.feature</string>
     </void>
    </object>
   </void>
   <void method="put">
    <string>https://marketplace.eclipse.org#19495</string>
    <object class="java.util.ArrayList">
     <void method="add">
      <string>com.yattasolutions.umllab</string>
     </void>
     <void method="add">
      <string>com.yattasolutions.architecturereview_feature</string>
     </void>
    </object>
   </void>
   <void method="put">
    <string>https://marketplace.eclipse.org#1611949</string>
    <object class="java.util.ArrayList">
     <void method="add">
      <string>de.jepfa.easyconsolegrepper.feature</string>
     </void>
    </object>
   </void>
   <void method="put">
    <string>https://marketplace.eclipse.org#5009351</string>
    <object class="java.util.ArrayList">
     <void method="add">
      <string>org.contextmapper.dsl.feature</string>
     </void>
     <void method="add">
      <string>org.contextmapper.contextmap.generator.feature</string>
     </void>
     <void method="add">
      <string>org.contextmapper.servicecutter.feature</string>
     </void>
    </object>
   </void>
   <void method="put">
    <string>https://marketplace.eclipse.org#941</string>
    <object class="java.util.ArrayList">
     <void method="add">
      <string>org.adichatz.feature</string>
     </void>
    </object>
   </void>
   <void method="put">
    <string>https://marketplace.eclipse.org#5581434</string>
    <object class="java.util.ArrayList">
     <void method="add">
      <string>org.jkiss.dbeaver.ext.ui.svg.feature</string>
     </void>
    </object>
   </void>
   <void method="put">
    <string>https://marketplace.eclipse.org#258988</string>
    <object class="java.util.ArrayList">
     <void method="add">
      <string>MCUbench</string>
     </void>
     <void method="add">
      <string>MCUchain</string>
     </void>
     <void method="add">
      <string>MCUprog</string>
     </void>
     <void method="add">
      <string>MCUhelp.binutils</string>
     </void>
     <void method="add">
      <string>MCUhelp.gcc</string>
     </void>
    </object>
   </void>
   <void method="put">
    <string>https://marketplace.eclipse.org#53864</string>
    <object class="java.util.ArrayList">
     <void method="add">
      <string>com.adocus.mma.papyrus.feature</string>
     </void>
    </object>
   </void>
   <void method="put">
    <string>https://marketplace.eclipse.org#1549</string>
    <object class="java.util.ArrayList">
     <void method="add">
      <string>org.testng.eclipse</string>
     </void>
     <void method="add">
      <string>org.testng.eclipse.maven.feature</string>
     </void>
    </object>
   </void>
   <void method="put">
    <string>https://marketplace.eclipse.org#5578890</string>
    <object class="java.util.ArrayList">
     <void method="add">
      <string>org.eclipse.wildwebdeveloper.feature</string>
     </void>
     <void method="add">
      <string>org.eclipse.wildwebdeveloper.embedder.node.feature</string>
     </void>
    </object>
   </void>
   <void method="put">
    <string>https://marketplace.eclipse.org#5560910</string>
    <object class="java.util.ArrayList">
     <void method="add">
      <string>org.jetbrains.kotlin.feature</string>
     </void>
     <void method="add">
      <string>org.jetbrains.kotlin.policy</string>
     </void>
     <void method="add">
      <string>org.jetbrains.kotlin.weaving.feature</string>
     </void>
     <void method="add">
      <string>org.jetbrains.kotlin.gradle.feature</string>
     </void>
     <void method="add">
      <string>org.eclipse.equinox.weaving.sdk</string>
     </void>
    </object>
   </void>
   <void method="put">
    <string>https://marketplace.eclipse.org#5497069</string>
    <object class="java.util.ArrayList">
     <void method="add">
      <string>com.premiumminds.dbeaver.vault.feature</string>
     </void>
    </object>
   </void>
   <void method="put">
    <string>https://marketplace.eclipse.org#4123770</string>
    <object class="java.util.ArrayList">
     <void method="add">
      <string>org.eclipse.epp.mpc</string>
     </void>
    </object>
   </void>
   <void method="put">
    <string>https://marketplace.eclipse.org#4002</string>
    <object class="java.util.ArrayList">
     <void method="add">
      <string>org.eclipse.net4j.sdk</string>
     </void>
    </object>
   </void>
   <void method="put">
    <string>https://marketplace.eclipse.org#57140</string>
    <object class="java.util.ArrayList">
     <void method="add">
      <string>org.zkoss.eclipse</string>
     </void>
    </object>
   </void>
   <void method="put">
    <string>https://marketplace.eclipse.org#9295</string>
    <object class="java.util.ArrayList">
     <void method="add">
      <string>org.eclipse.statet.r</string>
     </void>
     <void method="add">
      <string>org.eclipse.statet.redocs.tex.r</string>
     </void>
     <void method="add">
      <string>org.eclipse.statet.redocs.wikitext.r</string>
     </void>
     <void method="add">
      <string>org.eclipse.statet.rtm.ftable</string>
     </void>
     <void method="add">
      <string>org.eclipse.statet.rtm.ggplot</string>
     </void>
     <void method="add">
      <string>org.eclipse.statet.eutils.autorun</string>
     </void>
     <void method="add">
      <string>org.eclipse.statet.eutils.autonature</string>
     </void>
    </object>
   </void>
   <void method="put">
    <string>https://marketplace.eclipse.org#148396</string>
    <object class="java.util.ArrayList">
     <void method="add">
      <string>org.eclipse.xtend.sdk</string>
     </void>
    </object>
   </void>
   <void method="put">
    <string>https://marketplace.eclipse.org#5668131</string>
    <object class="java.util.ArrayList">
     <void method="add">
      <string>de.gebit.eclipse.protobuf.feature</string>
     </void>
    </object>
   </void>
   <void method="put">
    <string>https://marketplace.eclipse.org#4770582</string>
    <object class="java.util.ArrayList">
     <void method="add">
      <string>org.jboss.ide.eclipse.freemarker.feature</string>
     </void>
    </object>
   </void>
  </void>
 </object>
</java>
