<?xml version="1.0" encoding="UTF-8"?>
<config date="1721179098906" transient="false">
	<site updateable="true" url="file:../../../../Mahadi Hasan\.p2\pool\" enabled="true" policy="MANAGED-ONLY">
		<feature id="org.eclipse.ecf.filetransfer.feature" version="3.14.1900.v20230715-1945" url="features/org.eclipse.ecf.filetransfer.feature_3.14.1900.v20230715-1945/">
		</feature>
		<feature id="org.testng.eclipse" version="7.10.0.202404131040" url="features/org.testng.eclipse_7.10.0.202404131040/">
		</feature>
		<feature id="org.eclipse.mylyn.commons.repositories.feature" version="4.1.0.v20231125-1125" url="features/org.eclipse.mylyn.commons.repositories.feature_4.1.0.v20231125-1125/" plugin-identifier="org.eclipse.mylyn.commons.core">
		</feature>
		<feature id="org.eclipse.ecf.filetransfer.httpclient5.feature" version="1.1.702.v20231114-1017" url="features/org.eclipse.ecf.filetransfer.httpclient5.feature_1.1.702.v20231114-1017/">
		</feature>
		<feature id="org.eclipse.tm.terminal.feature" version="11.4.0.202309142347" url="features/org.eclipse.tm.terminal.feature_11.4.0.202309142347/" plugin-identifier="org.eclipse.tm.terminal.view.core">
		</feature>
		<feature id="org.eclipse.ecf.core.feature" version="1.6.2.v20231021-2127" url="features/org.eclipse.ecf.core.feature_1.6.2.v20231021-2127/">
		</feature>
		<feature id="org.eclipse.tm.terminal.connector.local.feature" version="11.4.0.202309142347" url="features/org.eclipse.tm.terminal.connector.local.feature_11.4.0.202309142347/">
		</feature>
		<feature id="org.eclipse.equinox.p2.user.ui" version="2.4.2200.v20231112-1314" url="features/org.eclipse.equinox.p2.user.ui_2.4.2200.v20231112-1314/">
		</feature>
		<feature id="org.eclipse.epp.mpc" version="1.10.2.v20231116-1812" url="features/org.eclipse.epp.mpc_1.10.2.v20231116-1812/" plugin-identifier="org.eclipse.epp.mpc.ui">
		</feature>
		<feature id="org.eclipse.mylyn.commons.identity.feature" version="4.1.0.v20231009-0014" url="features/org.eclipse.mylyn.commons.identity.feature_4.1.0.v20231009-0014/" plugin-identifier="org.eclipse.mylyn.commons.core">
		</feature>
		<feature id="org.eclipse.mylyn.commons.notifications.feature" version="4.1.0.v20231009-0014" url="features/org.eclipse.mylyn.commons.notifications.feature_4.1.0.v20231009-0014/" plugin-identifier="org.eclipse.mylyn.commons.core">
		</feature>
		<feature id="org.eclipse.mylyn.context.feature" version="4.1.0.v20231102-0301" url="features/org.eclipse.mylyn.context.feature_4.1.0.v20231102-0301/" plugin-identifier="org.eclipse.mylyn.context.core">
		</feature>
		<feature id="org.eclipse.eclemma.feature" version="3.1.8.202311140945" url="features/org.eclipse.eclemma.feature_3.1.8.202311140945/" plugin-identifier="org.eclipse.eclemma.ui">
		</feature>
		<feature id="org.eclipse.mylyn.commons.activity.feature" version="4.1.0.v20231009-0014" url="features/org.eclipse.mylyn.commons.activity.feature_4.1.0.v20231009-0014/" plugin-identifier="org.eclipse.mylyn.tasks.activity.ui">
		</feature>
		<feature id="org.eclipse.mylyn.jdt.feature" version="4.1.0.v20231009-0014" url="features/org.eclipse.mylyn.jdt.feature_4.1.0.v20231009-0014/" plugin-identifier="org.eclipse.mylyn.context.core">
		</feature>
		<feature id="org.eclipse.ecf.core.ssl.feature" version="1.1.501.v20230507-1921" url="features/org.eclipse.ecf.core.ssl.feature_1.1.501.v20230507-1921/">
		</feature>
		<feature id="org.eclipse.jgit.http.apache" version="6.8.0.202311291450-r" url="features/org.eclipse.jgit.http.apache_6.8.0.202311291450-r/">
		</feature>
		<feature id="org.eclipse.oomph.setup" version="1.30.0.v20231122-0734" url="features/org.eclipse.oomph.setup_1.30.0.v20231122-0734/">
		</feature>
		<feature id="org.eclipse.wildwebdeveloper.xml.feature" version="1.3.1.202310310352" url="features/org.eclipse.wildwebdeveloper.xml.feature_1.3.1.202310310352/">
		</feature>
		<feature id="org.eclipse.mylyn.ide.feature" version="4.1.0.v20231009-0014" url="features/org.eclipse.mylyn.ide.feature_4.1.0.v20231009-0014/" plugin-identifier="org.eclipse.mylyn.context.core">
		</feature>
		<feature id="org.eclipse.mylyn.reviews.feature" version="4.1.0.v20231125-1125" url="features/org.eclipse.mylyn.reviews.feature_4.1.0.v20231125-1125/" plugin-identifier="org.eclipse.mylyn.reviews.core">
		</feature>
		<feature id="org.eclipse.mylyn.tasks.feature" version="4.1.0.v20231125-1125" url="features/org.eclipse.mylyn.tasks.feature_4.1.0.v20231125-1125/" plugin-identifier="org.eclipse.mylyn.tasks.core">
		</feature>
		<feature id="org.eclipse.jdt" version="3.19.300.v20231201-0110" url="features/org.eclipse.jdt_3.19.300.v20231201-0110/">
		</feature>
		<feature id="org.eclipse.m2e.feature" version="2.4.200.20231119-0901" url="features/org.eclipse.m2e.feature_2.4.200.20231119-0901/" plugin-identifier="org.eclipse.m2e.core">
		</feature>
		<feature id="org.eclipse.mylyn.wikitext.editors_feature" version="3.0.48.202308291007" url="features/org.eclipse.mylyn.wikitext.editors_feature_3.0.48.202308291007/" plugin-identifier="org.eclipse.mylyn.wikitext">
		</feature>
		<feature id="org.eclipse.mylyn.team.feature" version="4.1.0.v20231009-0014" url="features/org.eclipse.mylyn.team.feature_4.1.0.v20231009-0014/" plugin-identifier="org.eclipse.mylyn.context.core">
		</feature>
		<feature id="org.eclipse.oomph.setup.core" version="1.29.0.v20231119-1541" url="features/org.eclipse.oomph.setup.core_1.29.0.v20231119-1541/">
		</feature>
		<feature id="org.eclipse.equinox.p2.discovery.feature" version="1.3.200.v20231104-1339" url="features/org.eclipse.equinox.p2.discovery.feature_1.3.200.v20231104-1339/">
		</feature>
		<feature id="org.eclipse.e4.rcp" version="4.30.0.v20231113-1355" url="features/org.eclipse.e4.rcp_4.30.0.v20231113-1355/">
		</feature>
		<feature id="org.eclipse.tm.terminal.connector.telnet.feature" version="11.4.0.202309142347" url="features/org.eclipse.tm.terminal.connector.telnet.feature_11.4.0.202309142347/">
		</feature>
		<feature id="org.eclipse.jgit.ssh.apache" version="6.8.0.202311291450-r" url="features/org.eclipse.jgit.ssh.apache_6.8.0.202311291450-r/">
		</feature>
		<feature id="org.eclipse.jgit.gpg.bc" version="6.8.0.202311291450-r" url="features/org.eclipse.jgit.gpg.bc_6.8.0.202311291450-r/">
		</feature>
		<feature id="org.eclipse.ecf.filetransfer.httpclientjava.feature" version="2.0.200.v20231114-1017" url="features/org.eclipse.ecf.filetransfer.httpclientjava.feature_2.0.200.v20231114-1017/">
		</feature>
		<feature id="org.eclipse.egit" version="6.8.0.202311291450-r" url="features/org.eclipse.egit_6.8.0.202311291450-r/">
		</feature>
		<feature id="org.eclipse.tips.feature" version="0.4.200.v20231106-1240" url="features/org.eclipse.tips.feature_0.4.200.v20231106-1240/">
		</feature>
		<feature id="org.testng.p2.feature" version="7.4.0.r202105021533" url="features/org.testng.p2.feature_7.4.0.r202105021533/">
		</feature>
		<feature id="org.eclipse.mylyn.egit.feature" version="4.1.0.v20231009-0014" url="features/org.eclipse.mylyn.egit.feature_4.1.0.v20231009-0014/" plugin-identifier="org.eclipse.mylyn.tasks.core">
		</feature>
		<feature id="org.eclipse.buildship" version="3.1.8.v20231117-1658" url="features/org.eclipse.buildship_3.1.8.v20231117-1658/" plugin-identifier="org.eclipse.buildship.branding">
		</feature>
		<feature id="org.eclipse.mylyn.wikitext_feature" version="3.0.48.202308291007" url="features/org.eclipse.mylyn.wikitext_feature_3.0.48.202308291007/" plugin-identifier="org.eclipse.mylyn.wikitext">
		</feature>
		<feature id="org.eclipse.mylyn.monitor.feature" version="4.1.0.v20231009-0014" url="features/org.eclipse.mylyn.monitor.feature_4.1.0.v20231009-0014/" plugin-identifier="org.eclipse.mylyn.commons.core">
		</feature>
		<feature id="org.eclipse.jgit" version="6.8.0.202311291450-r" url="features/org.eclipse.jgit_6.8.0.202311291450-r/">
		</feature>
		<feature id="org.eclipse.mylyn.github.feature" version="6.4.0.v20231125-1125" url="features/org.eclipse.mylyn.github.feature_6.4.0.v20231125-1125/" plugin-identifier="org.eclipse.mylyn.tasks.core">
		</feature>
		<feature id="org.eclipse.mylyn.git.feature" version="4.1.0.v20231125-1125" url="features/org.eclipse.mylyn.git.feature_4.1.0.v20231125-1125/" plugin-identifier="org.eclipse.mylyn.versions.core">
		</feature>
		<feature id="org.eclipse.oomph.p2" version="1.28.0.v20231120-1324" url="features/org.eclipse.oomph.p2_1.28.0.v20231120-1324/">
		</feature>
		<feature id="org.eclipse.equinox.p2.extras.feature" version="1.4.2200.v20231112-1314" url="features/org.eclipse.equinox.p2.extras.feature_1.4.2200.v20231112-1314/">
		</feature>
		<feature id="org.eclipse.mylyn.builds.feature" version="4.1.0.v20231009-0014" url="features/org.eclipse.mylyn.builds.feature_4.1.0.v20231009-0014/" plugin-identifier="org.eclipse.mylyn.builds.core">
		</feature>
		<feature id="org.eclipse.m2e.lemminx.feature" version="2.0.6.20231113-2319" url="features/org.eclipse.m2e.lemminx.feature_2.0.6.20231113-2319/">
		</feature>
		<feature id="org.eclipse.mylyn.jenkins.feature" version="4.1.0.v20231009-0014" url="features/org.eclipse.mylyn.jenkins.feature_4.1.0.v20231009-0014/" plugin-identifier="org.eclipse.mylyn.builds.core">
		</feature>
		<feature id="org.eclipse.platform" version="4.30.0.v20231201-0512" url="features/org.eclipse.platform_4.30.0.v20231201-0512/">
		</feature>
		<feature id="org.eclipse.emf.ecore" version="2.36.0.v20231002-1156" url="features/org.eclipse.emf.ecore_2.36.0.v20231002-1156/">
		</feature>
		<feature id="org.eclipse.equinox.p2.core.feature" version="1.7.0.v20231112-1314" url="features/org.eclipse.equinox.p2.core.feature_1.7.0.v20231112-1314/">
		</feature>
		<feature id="org.eclipse.equinox.p2.rcp.feature" version="1.4.2200.v20231112-1314" url="features/org.eclipse.equinox.p2.rcp.feature_1.4.2200.v20231112-1314/">
		</feature>
		<feature id="org.eclipse.rcp" version="4.30.0.v20231201-0512" url="features/org.eclipse.rcp_4.30.0.v20231201-0512/">
		</feature>
		<feature id="org.eclipse.tm.terminal.view.feature" version="11.4.0.202311142324" url="features/org.eclipse.tm.terminal.view.feature_11.4.0.202311142324/" plugin-identifier="org.eclipse.tm.terminal.view.ui">
		</feature>
		<feature id="org.eclipse.emf.common" version="2.30.0.v20230916-0637" url="features/org.eclipse.emf.common_2.30.0.v20230916-0637/">
		</feature>
		<feature id="org.eclipse.tm.terminal.connector.ssh.feature" version="11.4.0.202309142347" url="features/org.eclipse.tm.terminal.connector.ssh.feature_11.4.0.202309142347/" plugin-identifier="org.eclipse.tm.terminal.connector.ssh">
		</feature>
		<feature id="org.eclipse.epp.package.java.feature" version="4.30.0.20231201-1200" url="features/org.eclipse.epp.package.java.feature_4.30.0.20231201-1200/" plugin-identifier="org.eclipse.epp.package.java">
		</feature>
		<feature id="org.eclipse.tm.terminal.control.feature" version="11.4.0.202311142253" url="features/org.eclipse.tm.terminal.control.feature_11.4.0.202311142253/" plugin-identifier="org.eclipse.tm.terminal.control">
		</feature>
		<feature id="org.eclipse.help" version="2.3.1600.v20231201-0110" url="features/org.eclipse.help_2.3.1600.v20231201-0110/" plugin-identifier="org.eclipse.help.base">
		</feature>
		<feature id="org.eclipse.mylyn.versions.feature" version="4.1.0.v20231009-0014" url="features/org.eclipse.mylyn.versions.feature_4.1.0.v20231009-0014/" plugin-identifier="org.eclipse.mylyn.versions.core">
		</feature>
		<feature id="org.testng.eclipse.maven.feature" version="7.10.0.202404131040" url="features/org.testng.eclipse.maven.feature_7.10.0.202404131040/">
		</feature>
		<feature id="org.eclipse.jdt.bcoview.feature" version="1.2.200.v20231106-1537" url="features/org.eclipse.jdt.bcoview.feature_1.2.200.v20231106-1537/">
		</feature>
		<feature id="org.eclipse.ecf.filetransfer.ssl.feature" version="1.1.402.v20231021-2127" url="features/org.eclipse.ecf.filetransfer.ssl.feature_1.1.402.v20231021-2127/">
		</feature>
		<feature id="org.eclipse.m2e.logback.feature" version="2.2.1.20231113-2319" url="features/org.eclipse.m2e.logback.feature_2.2.1.20231113-2319/" plugin-identifier="org.eclipse.m2e.core">
		</feature>
		<feature id="org.eclipse.epp.package.common.feature" version="4.30.0.20231201-1200" url="features/org.eclipse.epp.package.common.feature_4.30.0.20231201-1200/">
		</feature>
		<feature id="org.eclipse.mylyn.commons.feature" version="4.1.0.v20231125-1125" url="features/org.eclipse.mylyn.commons.feature_4.1.0.v20231125-1125/" plugin-identifier="org.eclipse.mylyn.commons.core">
		</feature>
		<feature id="org.eclipse.userstorage" version="1.2.0.v20210517-0327" url="features/org.eclipse.userstorage_1.2.0.v20210517-0327/">
		</feature>
	</site>
</config>
